{
  "preview": [
    {
      "views": [
        {
          "id": "codesandbox.browser"
        },
        {
          "id": "codesandbox.browser",
          "options": {
            "port": 8081,
            "url": "https://grcxt-8081.sse.codesandbox.io"
          },
          "closeable": true
        },
        {
          "id": "codesandbox.browser",
          "options": {
            "port": 33161,
            "url": "https://grcxt-33161.sse.codesandbox.io"
          },
          "closeable": true
        }
      ]
    },
    {
      "open": true,
      "views": [
        {
          "id": "codesandbox.terminal"
        },
        {
          "id": "codesandbox.console"
        },
        {
          "id": "codesandbox.problems"
        }
      ]
    }
  ]
}